{
  "fvd": {
    "mean": 874.9363820637683,
    "std": 568.8981359824996,
    "all": [
      2074.336121229837,
      306.9675490670804,
      1019.9460541629069,
      529.2357008224337,
      1984.2400604410057,
      1288.0588313697565,
      1600.718955074237,
      1418.8024631419394,
      505.1690679052616,
      1368.7551836616076,
      1000.0827144744994,
      619.7752493951804,
      2013.0587554555882,
      1135.0366888774356,
      945.1528364690055,
      828.0778204200574,
      1324.6180264017025,
      1138.7908560443666,
      1904.8807970094963,
      473.31556041132103,
      1036.637743817499,
      437.79133664638573,
      330.40342487938756,
      415.6959694762027,
      641.727506344728,
      542.7215331107916,
      734.8440401894193,
      418.84878200072325,
      1128.82273818062,
      952.2102951259292,
      711.6827496816506,
      400.2965220324023,
      420.64247332135847,
      422.20654371072965,
      574.2277812124426,
      481.2537810876025,
      1283.5186750713917,
      449.05229054623396,
      1026.716711869174,
      263.64698054798635,
      845.8173040486486,
      715.1197140332617,
      556.3548419978658,
      607.6455114958294,
      839.2671174602442,
      330.97286146566967,
      262.86318919216444,
      561.0499819224332,
      923.2459950499964,
      725.2818937113246,
      363.92827319222056,
      815.2259234287312,
      725.5522732875231,
      852.8430496702128,
      259.7919420069052,
      662.3712800670926,
      509.9238647919384,
      871.2871230006028,
      497.8930008495935,
      461.1676071440402,
      1723.2162335606663,
      498.85633876486247,
      314.9357357737587,
      321.0734983135377,
      2177.6269906083976,
      876.0796667165978,
      1651.680010610897,
      1113.4830768579372,
      3968.4902179833052,
      1006.7070783300494,
      756.4384151768029,
      1004.2919930258304,
      1564.9983658113188,
      1159.052130189721,
      951.1768412300426,
      738.6784151787376,
      1010.8875678875594,
      2007.878415737061,
      1595.6176409638801,
      1447.3040670067076,
      676.1113977730976,
      797.6028865087362,
      918.3550159352694,
      664.4850800062218,
      579.8971202462471,
      304.1481331835907,
      407.74719892915186,
      2345.4239109111613,
      439.2902015797369,
      402.7206891120193,
      604.1978625143579,
      477.403728107299,
      274.1967345916228,
      438.4887391278902,
      356.40786821679944,
      527.1923379214178,
      1995.2820835069756,
      2468.569479662994,
      1600.715027314861,
      1591.4996286995529,
      480.2175252970659,
      1041.8191215985632,
      605.9595854583474,
      733.3914509645776,
      432.52182203886525,
      724.4769896927803,
      663.9599070648549,
      525.4601382840186,
      2098.5744114879913,
      950.692310235936,
      853.7060761259112,
      1309.8107367269542,
      290.097165938508,
      680.8043634988528,
      1181.1084313427327,
      435.2001635499141,
      492.51447335363963,
      537.1260901345515,
      524.4751574513067,
      422.77872177530116,
      1097.7140470937181,
      224.8136390044192,
      912.1504002358469,
      354.2419155828703,
      509.4922556458831,
      1077.0554866884595,
      890.977171976272,
      558.1400844825046,
      397.05415448185295,
      567.9404289540252,
      805.9713658706513,
      589.8613043664539,
      1066.8954894653903,
      1134.790133613739,
      3480.4928023976713,
      1107.693727099132,
      541.6356664643209,
      1410.0660879660736,
      631.2288208775071,
      526.9403970366844,
      845.3217076771783,
      668.1776215128118,
      782.4052251373625,
      318.34856877121825,
      819.2410922750075,
      1053.5741706281206,
      925.9438970473313,
      863.7534033614177,
      1178.7482288113724,
      2337.9873566515907,
      1735.1551538400652,
      539.9671066199085,
      1609.0938254971888,
      727.4899474023557,
      1287.1487421118504,
      681.5674562628361,
      473.96239328653246,
      447.62503472478807,
      502.9849347462091,
      399.99855591248763,
      738.2522451165435,
      330.0200833179913,
      462.8796737979016,
      962.1899027405484,
      1856.0075686233927,
      1215.0457872411725,
      1207.252386387809,
      1234.4886125165822,
      891.287470428171,
      561.7740502824631,
      620.9786395381798,
      702.1941784250578,
      1499.1592625009334,
      827.1088705793873,
      774.4412523825802,
      373.20727097014907,
      895.8956855118985,
      579.977490239266,
      437.71380591913044,
      1295.2966437248115,
      889.8239844427394,
      572.7165396376213,
      775.4339098292428,
      1061.9050777825576,
      963.6963283397531,
      399.6336944711119,
      473.42262608616915,
      527.0451240771703,
      490.61087879364806,
      687.0520673377357,
      720.3089901176384,
      426.71082292898114,
      353.4761341536497,
      671.1427756052844,
      784.4968300088246,
      294.0433660750811,
      319.39113562068314,
      718.0955635910093,
      668.7892575439724,
      389.011090854607,
      431.6992618611173,
      377.26463787301094,
      897.6763869034478,
      280.0432663938868,
      363.4806715348123,
      282.9075491887846,
      411.0982204270964,
      291.7554003181092,
      1482.8584232284159,
      594.5918627561213,
      565.9562357382879,
      869.3619744839847,
      925.2429219645336,
      791.4959468011368,
      578.7777872850197,
      474.5361140491311,
      663.3004142573789,
      1343.3335864380722,
      1524.0465143180345,
      391.48088768046614,
      1872.7393345591709,
      1753.9732906519046,
      506.28247297070817,
      446.01644264877984,
      698.7203415083727,
      298.5120125541009,
      261.23157713945534,
      170.05335174949977,
      927.1869614380572,
      834.1658111287795,
      556.7955673870867,
      421.3809942915974,
      1629.9322520238388,
      564.4961257267554,
      611.436600597398,
      326.75902903553674,
      1823.4908496098471,
      940.5974636333611,
      1707.0101678656524,
      1378.815319079796,
      201.10797194906374,
      423.5825495166383,
      669.600523947275,
      390.88213801011256,
      1280.6644932777526,
      803.7618853887444,
      665.8783977325618,
      576.1354476503773,
      732.89679383223,
      574.5827824725536,
      600.147951276218,
      344.35231121809306,
      1598.938797988125,
      2757.4043429138474,
      2642.5465017557403,
      1168.8333490309233,
      647.6990097164794,
      1684.8078509246473,
      2500.1921635816725,
      1141.4068138053467,
      1906.3312005743824,
      1550.9755467168852,
      1812.7086458973306,
      1383.148677542763,
      559.5222545207358,
      591.7712236682039,
      705.4115855564742,
      279.0558903005971
    ]
  },
  "lpips": {
    "mean": 0.2525220804144651,
    "std": 0.07371735770148527,